Person;Data;Amostra_aula;Amostra;Site;Latitude;Longitude;Especie;Sepal_lenght_cm;Sepal_width ;Petal_lenght;Petal_width
Jonathan;12/01/1929;A51;A51;Site1;48.935966;-64.840984;Iris versicolor;7;3.2;4.7;1.4
Jonathan;12/01/1929;A52;A54;Site1;48.935966;-64.840984;Iris versicolor;5.5;2.3;4;1.3
Jonathan;12/01/1929;A53;A57;Site1;48.935966;-64.840984;Iris versicolor;6.3;3.3;4.7;1.6
Jonathan;12/01/1929;A54;A60;Site1;48.935966;-64.840984;Iris versicolor;5.2;2.7;3.9;1.4
Jonathan;12/01/1929;A55;A63;Site1;48.935966;-64.840984;Iris versicolor;6;2.2;4;1
Jonathan;12/01/1929;A56;A66;Site1;48.935966;-64.840984;Iris versicolor;6.7;3.1;4.4;1.4
Jonathan;12/01/1929;A57;A69;Site1;48.935966;-64.840984;Iris versicolor;6.2;2.2;4.5;1.5
Jonathan;12/01/1929;A58;A72;Site1;48.935966;-64.840984;Iris versicolor;6.1;2.8;4;1.3
Jonathan;12/01/1929;A59;A75;Site1;48.935966;-64.840984;Iris versicolor;6.4;2.9;4.3;1.3
Jonathan;12/01/1929;A60;A78;Site1;48.935966;-64.840984;Iris versicolor;6.7;3;5;1.7
Larissa;01/12/1929;A1;A15;Site1;48.935966;-64.840984;Iris setosa;5.8;4;1.2;0.2
Larissa;01/12/1929;A2;A17;Site1;48.935966;-64.840984;Iris setosa;5.4;3.9;1.3;0.4
Larissa;01/12/1929;A3;A18;Site1;48.935966;-64.840984;Iris setosa;5.1;3.5;1.4;0.3
Larissa;01/12/1929;A4;A20;Site1;48.935966;-64.840984;Iris setosa;5.1;3.8;1.5;0.3
Larissa;01/12/1929;A5;A21;Site1;48.935966;-64.840984;Iris setosa;5.4;3.4;1.7;0.2
Larissa;01/12/1929;A6;A23;Site1;48.935966;-64.840984;Iris setosa;4.6;3.6;1;0.2
Larissa;01/12/1929;A7;A24;Site1;48.935966;-64.840984;Iris setosa;5.1;3.3;1.7;0.5
Larissa;01/12/1929;A8;A26;Site1;48.935966;-64.840984;Iris setosa;5;3;1.6;0.2
Larissa;01/12/1929;A9;A27;Site1;48.935966;-64.840984;Iris setosa;5;3.4;1.6;0.4
Larissa;01/12/1929;A10;A3;Site1;48.935966;-64.840984;Iris setosa;4.7;3.2;1.3;0.2
Larissa;01/12/1929;A11;A30;Site1;48.935966;-64.840984;Iris setosa;4.7;3.2;1.6;0.2
Larissa;01/12/1929;A12;A33;Site1;48.935966;-64.840984;Iris setosa;5.2;4.1;1.5;0.1
Larissa;01/12/1929;A13;A36;Site1;48.935966;-64.840984;Iris setosa;5;3.2;1.2;0.2
Larissa;01/12/1929;A14;A39;Site1;48.935966;-64.840984;Iris setosa;4.4;3;1.3;0.2
Larissa;01/12/1929;A15;A42;Site1;48.935966;-64.840984;Iris setosa;4.5;2.3;1.3;0.3
Larissa;01/12/1929;A16;A45;Site1;48.935966;-64.840984;Iris setosa;5.1;3.8;1.9;0.4
Larissa;01/12/1929;A17;A48;Site1;48.935966;-64.840984;Iris setosa;4.6;3.2;1.4;0.2
Larissa;01/12/1929;A18;A6;Site1;48.935966;-64.840984;Iris setosa;5.4;3.9;1.7;0.4
Larissa;01/12/1929;A19;A8;Site1;48.935966;-64.840984;Iris setosa;4.8;3.4;1.6;0.2
Larissa;01/12/1929;A20;A9;Site1;48.935966;-64.840984;Iris setosa;4.4;2.9;1.4;0.2
Juan;13/02/1930;A21;A29;Site2;48.540502;-64.766512;Iris setosa;5.2;3.4;1.4;0.2
Juan;13/02/1930;A22;A32;Site2;48.540502;-64.766512;Iris setosa;5.4;3.4;1.5;0.4
Juan;13/02/1930;A23;A35;Site2;48.540502;-64.766512;Iris setosa;4.9;3.1;1.5;0.2
Juan;13/02/1930;A24;A38;Site2;48.540502;-64.766512;Iris setosa;4.9;3.6;1.4;0.1
Juan;13/02/1930;A25;A41;Site2;48.540502;-64.766512;Iris setosa;5;3.5;1.3;0.3
Juan;13/02/1930;A26;A44;Site2;48.540502;-64.766512;Iris setosa;5;3.5;1.6;0.6
Juan;13/02/1930;A27;A47;Site2;48.540502;-64.766512;Iris setosa;5.1;3.8;1.6;0.2
Juan;13/02/1930;A28;A50;Site2;48.540502;-64.766512;Iris setosa;5;3.3;1.4;0.2
Juan;13/02/1930;A29;A2;Site2;48.540502;-64.766512;Iris setosa;4.9;3;1.4;0.2
Juan;13/02/1930;A30;A5;Site2;48.540502;-64.766512;Iris setosa;5;3.6;1.4;0.2
Juan;13/02/1930;A31;A8;Site2;48.540502;-64.766512;Iris setosa;5;3.4;1.5;0.2
Juan;13/02/1930;A32;A11;Site2;48.540502;-64.766512;Iris setosa;5.4;3.7;1.5;0.2
Juan;13/02/1930;A33;A14;Site2;48.540502;-64.766512;Iris setosa;4.3;3;1.1;0.1
Jonathan;12/01/1929;A41;A40;Site3;48.329837;-65.512333;Iris setosa;5.1;3.4;1.5;0.2
Jonathan;12/01/1929;A42;A43;Site3;48.329837;-65.512333;Iris setosa;4.4;3.2;1.3;0.2
Jonathan;12/01/1929;A43;A46;Site3;48.329837;-65.512333;Iris setosa;4.8;3;1.4;0.3
Jonathan;12/01/1929;A44;A49;Site3;48.329837;-65.512333;Iris setosa;5.3;3.7;1.5;0.2
Jonathan;12/01/1929;A45;A1;Site3;48.329837;-65.512333;Iris setosa;5.1;3.5;1.4;0.2
Jonathan;12/01/1929;A46;A4;Site3;48.329837;-65.512333;Iris setosa;4.6;3.1;1.5;0.2
Jonathan;12/01/1929;A47;A7;Site3;48.329837;-65.512333;Iris setosa;4.6;3.4;1.4;0.3
Jonathan;12/01/1929;A48;A10;Site3;48.329837;-65.512333;Iris setosa;4.9;3.1;1.5;0.1
Jonathan;12/01/1929;A49;A13;Site3;48.329837;-65.512333;Iris setosa;4.8;3;1.4;0.1
Jonathan;12/01/1929;A50;A16;Site3;48.329837;-65.512333;Iris setosa;5.7;4.4;1.5;0.4
Juan;01/12/1929;A34;A19;Site3;48.329837;-65.512333;Iris setosa;5.7;3.8;1.7;0.3
Juan;01/12/1929;A35;A22;Site3;48.329837;-65.512333;Iris setosa;5.1;3.7;1.5;0.4
Juan;01/12/1929;A36;A25;Site3;48.329837;-65.512333;Iris setosa;4.8;3.4;1.9;0.2
Juan;01/12/1929;A37;A28;Site3;48.329837;-65.512333;Iris setosa;5.2;3.5;1.5;0.2
Juan;01/12/1929;A38;A31;Site3;48.329837;-65.512333;Iris setosa;4.8;3.1;1.6;0.2
Juan;01/12/1929;A39;A34;Site3;48.329837;-65.512333;Iris setosa;5.5;4.2;1.4;0.2
Juan;01/12/1929;A40;A37;Site3;48.329837;-65.512333;Iris setosa;5.5;3.5;1.3;0.2
